blood_formate_mM,blood_formate_mgL,eye_formate_mM,cox_activity,atp_adp,energy_charge,eye_ins_prod,regen,viability,vraw,vc
0.02,0.9206,0.0007845041826372,0.999999975382128,7.018255732142918,0.9244897039888594,1.6341043196671574,0.2288113956423847,0.5946726908936731,0.27592889544713317,0.8116548293430486
0.0953846153846153,4.390553846153846,0.0012623212292077,0.9999999362618088,6.63752201714061,0.9200087224799676,1.8661547812404375,0.278992531508312,0.7050311529218396,0.3399584225605721,1.0
0.1707692307692307,7.860507692307692,0.0017862028377714,0.9999998723791932,6.268472264700172,0.9151365860942126,2.111379655491456,0.3312490123428827,0.8098606076158847,0.32661979144611936,0.960763933971731
0.2461538461538461,11.330461538461538,0.002363372930379,0.9999997765787856,5.935535225807892,0.9102149852868864,2.335335814592357,0.3773260920832412,0.8898646411195296,0.26616096997332694,0.7829221231484673
0.3215384615384615,14.800415384615386,0.0030040177264024,0.9999996390352304,5.776503554471789,0.9076620940623708,2.510177523822067,0.4118028118758665,0.9522307527269552,0.21303156033238474,0.626640042414092
0.3969230769230769,18.27036923076923,0.0256533986706521,0.999973676818394,5.764503604530007,0.9074637050362482,2.6223687313755497,0.4331357748020472,1.0,0.18268072831490906,0.5373619719110206
0.4723076923076923,21.74032307692308,0.1010561685116162,0.9995916728314151,5.762547423076855,0.907431281804942,2.6222009528144268,0.4331043562630755,0.9996724143256098,0.18267746961576553,0.5373523863295869
0.5476923076923077,25.210276923076925,0.1765021800979688,0.9987554301012436,5.758269487029678,0.9073602988320622,2.621786133312853,0.4330266700378518,0.9989346886853622,0.1826825197443345,0.5373672414654913
0.6230769230769231,28.68023076923077,0.2519830726597945,0.9974666155809816,5.751681539710698,0.9072507785604768,2.6211427107816694,0.4329061538782262,0.997794940708728,0.18269094730620242,0.5373920314436434
0.6984615384615385,32.15018461538462,0.3274981978201398,0.995728124429444,5.742804705097254,0.9071028073432196,2.620272454048461,0.4327431161358186,0.9962545743722244,0.182702111374837,0.5374248709554593
0.7738461538461539,35.62013846153846,0.4030472930789786,0.9935440651030236,5.731668504200163,0.9069165220369588,2.619176487245355,0.4325377365548198,0.9943151109345272,0.18271550399114117,0.5374642658208765
0.8492307692307692,39.09009230769231,0.4786301386660547,0.990919734377704,5.718310588411111,0.906692109581204,2.6178560418634707,0.4322902072764565,0.991978522068648,0.18273055769807192,0.5375085468444715
0.9246153846153846,42.56004615384615,0.5542464958633767,0.9878615844685852,5.702776438346379,0.906429807054199,2.6163125932444427,0.4320007586326269,0.9892473032041896,0.18274661357066102,0.53755577577461
1.0,46.03,0.6298960891776426,0.984377182709262,5.685119005490761,0.9061299017527218,2.6145479010909014,0.4316696670235986,0.986124507873118,0.1827629148645128,0.5376037266202722
1.2,55.236,0.8307576028511121,0.9731353077133854,5.628454830466245,0.9051547082722464,2.6088103957835234,0.430592074047023,0.9759712334264952,0.18280064281814246,0.5377147047609092
1.7142857142857144,78.90857142857143,1.3482613123414,0.9322163642917106,5.426150011077804,0.9015061864691865,2.5873655308020966,0.4265492551917005,0.9380492903671154,0.18273302112678405,0.5375157931091575
2.2285714285714286,102.58114285714286,1.867029238694326,0.8776303140132975,5.165959425314476,0.8963927750853168,2.5574148623886845,0.4208632388276903,0.8853243979930918,0.18208221297785296,0.5356014173921826
2.742857142857143,126.2537142857143,2.3867477968347495,0.8144233715656619,4.878517377373079,0.8901106929017238,2.520893638033499,0.4138680665397614,0.821789029695566,0.18040482312654768,0.5306673144549141
3.257142857142857,149.9262857142857,2.9070370422589003,0.7473648431670695,4.5896420872331065,0.8830095083493525,2.4801313767995907,0.4059818281811689,0.7524023007963905,0.17738929993548241,0.5217970438837298
3.7714285714285714,173.59885714285716,3.4275156507323867,0.680311658812444,4.3169745573322835,0.8754452959858441,2.437495902860631,0.3976462536024529,0.6821496711085667,0.17296956374547473,0.508796229970316
4.2857142857142865,197.2714285714286,3.947862590067777,0.6159817343548621,4.07006671679565,0.8677373361015531,2.395047680607558,0.3892613162683804,0.6150989969394987,0.1673339527854656,0.4922188764293694
4.800000000000001,220.94400000000005,4.4678507038089394,0.5560289226048684,3.85233616168282,0.8601410501096798,2.3543312561328187,0.3811402773301529,0.5538969793352041,0.16083977292087853,0.4731160113917192
5.314285714285715,244.61657142857143,4.987348514550835,0.5012667491406204,3.6633711387316414,0.8528399826814902,2.316334790645002,0.3734949461413169,0.4997926978328479,0.1538954758706069,0.4526891103666848
5.828571428571429,268.2891428571429,5.506302095345875,0.4519213300794233,3.5007799620556947,0.8459517280075778,2.281567553737785,0.3664448274241501,0.4529801788492289,0.14686790043037543,0.4320172429444875
6.342857142857143,291.9617142857143,6.02471093448793,0.4078493588423427,3.361398698940978,0.8395406030140803,2.250184998536722,0.360037887014928,0.413009599714279,0.1400359531697162,0.4119208228905265
6.857142857142858,315.63428571428574,6.542606417572659,0.3687005733486901,3.241970272254603,0.8336316086983511,2.22211136220204,0.3542730114546485,0.3791217162484833,0.13358302813426107,0.39293931042540914
7.371428571428573,339.3068571428572,7.060035978733219,0.3340276297097816,3.139474361734345,0.8282227869322055,2.1971372495110257,0.3491189863045137,0.3504671968649938,0.12761090491709076,0.3753720939046706
7.885714285714287,362.9794285714286,7.577052771729472,0.3033548791254675,3.0512555344751187,0.8232949735656095,2.1749882293968543,0.3445284856703366,0.326228268832387,0.12216080177013594,0.3593404183076827
8.4,386.652,8.093709566641792,0.2762182661761103,2.9750464000225216,0.8188189624913611,2.1553688973299496,0.3404474664662337,0.3056745266411584,0.11723347805005158,0.3448465173095204
8.914285714285715,410.32457142857146,8.61005550444352,0.2521863146543213,2.908942039257748,0.8147604997990454,2.1379889741270577,0.3368210090118578,0.2881803863184976,0.11280519853918484,0.33182057290869377
9.428571428571429,433.9971428571429,9.126134637855287,0.2308693923648462,2.8513557736588964,0.8110836115353031,2.122577344418767,0.3335966654760025,0.2732228333253408,0.10883912141802457,0.3201542135601366
9.942857142857145,457.6697142857143,9.641985521241406,0.211922084083444,2.8009711941709643,0.8077527184509411,2.108888485500489,0.3307261718946199,0.2603705359131468,0.10529282151822852,0.30972264409618494
10.457142857142856,481.3422857142857,10.157641376774686,0.1950417601873598,2.7566971916267984,0.8047339009269465,2.096704350681786,0.3281661413900167,0.2492702821139822,0.10212293922217344,0.30039832063280525
10.971428571428572,505.0148571428572,10.673130546943556,0.1799652392031054,2.71762854621235,0.8019955873874736,2.0858337007802996,0.32587815631232,0.2396336453268609,0.09928785061113755,0.29205880490708225
11.485714285714286,528.6874285714285,11.188477062089442,0.1664646684845593,2.6830126076535694,0.7995088638173203,2.0761101279439944,0.3238285293781753,0.2312251041904195,0.09674904920867951,0.2845908287253605
12.0,552.36,11.703701226139303,0.1543432603483529,2.6522216928937663,0.7972475430570881,2.067389519274786,0.3219879019851545,0.2238519823422063,0.09447172771975697,0.27789200516991003
